"ip","type","emailname","level","position"
"10.64.105.125","Boos","1067@hightech.com","1","Boss"
"10.64.106.49","development1","1059@hightech.com","2","development1_Depart_leader"
"10.64.105.94","development1","1057@hightech.com","3","development1_Group1_leader"
"10.64.105.143","development1","1142@hightech.com","4","development1_Group1_worker1"
"10.64.105.51","development1","1150@hightech.com","4","development1_Group1_worker2"
"10.64.105.64","development1","1173@hightech.com","4","development1_Group1_worker3"
"10.64.105.111","development1","1361@hightech.com","4","development1_Group1_worker4"
"10.64.105.108","development1","1374@hightech.com","4","development1_Group1_worker5"
"10.64.105.224","development1","1410@hightech.com","4","development1_Group1_worker6"
"10.64.105.218","development1","1058@hightech.com","3","development1_Group2_leader"
"10.64.105.207","development1","1130@hightech.com","4","development1_Group2_worker1"
"10.64.105.241","development1","1171@hightech.com","4","development1_Group2_worker2"
"10.64.105.49","development1","1202@hightech.com","4","development1_Group2_worker3"
"10.64.105.98","development1","1245@hightech.com","4","development1_Group2_worker4"
"10.64.105.239","development1","1261@hightech.com","4","development1_Group2_worker5"
"10.64.105.32","development1","1333@hightech.com","4","development1_Group2_worker6"
"10.64.105.60","development1","1383@hightech.com","4","development1_Group2_worker7"
"10.64.105.136","development1","1424@hightech.com","4","development1_Group2_worker8"
"10.64.105.141","development1","1445@hightech.com","4","development1_Group2_worker9"
"10.64.105.220","development1","1450@hightech.com","4","development1_Group2_worker10"
"10.64.105.132","development1","1489@hightech.com","4","development1_Group2_worker11"
"10.64.105.152","development1","1079@hightech.com","3","development1_Group3_leader"
"10.64.105.97","development1","1219@hightech.com","4","development1_Group3_worker1"
"10.64.105.24","development1","1262@hightech.com","4","development1_Group3_worker2"
"10.64.105.206","development1","1395@hightech.com","4","development1_Group3_worker3"
"10.64.105.130","development1","1482@hightech.com","4","development1_Group3_worker4"
"10.64.105.175","development1","1080@hightech.com","3","development1_Group4_leader"
"10.64.105.219","development1","1376@hightech.com","4","development1_Group4_worker1"
"10.64.106.22","development1","1181@hightech.com","4","development1_Group4_worker2"
"10.64.105.117","development1","1193@hightech.com","4","development1_Group4_worker3"
"10.64.106.33","development1","1194@hightech.com","4","development1_Group4_worker4"
"10.64.105.202","development1","1297@hightech.com","4","development1_Group4_worker5"
"10.64.105.11","development1","1311@hightech.com","4","development1_Group4_worker6"
"10.64.105.33","development1","1364@hightech.com","4","development1_Group4_worker7"
"10.64.105.181","development1","1384@hightech.com","4","development1_Group4_worker8"
"10.64.105.223","development1","1422@hightech.com","4","development1_Group4_worker9"
"10.64.106.21","development1","1449@hightech.com","4","development1_Group4_worker10"
"10.64.105.204","development1","1096@hightech.com","3","development1_Group5_leader"
"10.64.106.37","development1","1239@hightech.com","4","development1_Group5_worker1"
"10.64.105.183","development1","1254@hightech.com","4","development1_Group5_worker2"
"10.64.105.178","development1","1402@hightech.com","4","development1_Group5_worker3"
"10.64.105.37","development1","1478@hightech.com","4","development1_Group5_worker4"
"10.64.105.55","development1","1500@hightech.com","4","development1_Group5_worker5"
"10.64.105.102","development1","1101@hightech.com","3","development1_Group6_leader"
"10.64.105.10","development1","1175@hightech.com","4","development1_Group6_worker1"
"10.64.105.118","development1","1179@hightech.com","4","development1_Group6_worker2"
"10.64.105.23","development1","1241@hightech.com","4","development1_Group6_worker3"
"10.64.105.154","development1","1313@hightech.com","4","development1_Group6_worker4"
"10.64.105.14","development1","1325@hightech.com","4","development1_Group6_worker5"
"10.64.105.91","development1","1338@hightech.com","4","development1_Group6_worker6"
"10.64.106.27","development1","1350@hightech.com","4","development1_Group6_worker7"
"10.64.105.174","development1","1352@hightech.com","4","development1_Group6_worker8"
"10.64.106.41","development1","1356@hightech.com","4","development1_Group6_worker9"
"10.64.105.172","development1","1461@hightech.com","4","development1_Group6_worker10"
"10.64.105.166","development1","1119@hightech.com","3","development1_Group7_leader"
"10.64.105.26","development1","1135@hightech.com","4","development1_Group7_worker1"
"10.64.105.186","development1","1148@hightech.com","4","development1_Group7_worker2"
"10.64.105.5","development1","1238@hightech.com","4","development1_Group7_worker3"
"10.64.105.38","development1","1244@hightech.com","4","development1_Group7_worker4"
"10.64.105.228","development1","1268@hightech.com","4","development1_Group7_worker5"
"10.64.105.56","development1","1274@hightech.com","4","development1_Group7_worker6"
"10.64.106.40","development1","1291@hightech.com","4","development1_Group7_worker7"
"10.64.105.185","development1","1360@hightech.com","4","development1_Group7_worker8"
"10.64.105.40","development1","1390@hightech.com","4","development1_Group7_worker9"
"10.64.105.115","development1","1401@hightech.com","4","development1_Group7_worker10"
"10.64.105.180","development1","1143@hightech.com","3","development1_Group8_leader"
"10.64.105.144","development1","1163@hightech.com","4","development1_Group8_worker1"
"10.64.105.3","development1","1217@hightech.com","4","development1_Group8_worker2"
"10.64.105.196","development1","1279@hightech.com","4","development1_Group8_worker3"
"10.64.105.35","development1","1304@hightech.com","4","development1_Group8_worker4"
"10.64.105.86","development1","1324@hightech.com","4","development1_Group8_worker5"
"10.64.106.50","development1","1355@hightech.com","4","development1_Group8_worker6"
"10.64.105.247","development1","1367@hightech.com","4","development1_Group8_worker7"
"10.64.105.69","development1","1380@hightech.com","4","development1_Group8_worker8"
"10.64.105.246","development1","1381@hightech.com","4","development1_Group8_worker9"
"10.64.105.105","development1","1434@hightech.com","4","development1_Group8_worker10"
"10.64.105.20","development1","1438@hightech.com","4","development1_Group8_worker11"
"10.64.105.194","development1","1155@hightech.com","3","development1_Group9_leader"
"10.64.105.19","development1","1206@hightech.com","4","development1_Group9_worker1"
"10.64.105.53","development1","1216@hightech.com","4","development1_Group9_worker2"
"10.64.105.191","development1","1267@hightech.com","4","development1_Group9_worker3"
"10.64.105.162","development1","1283@hightech.com","4","development1_Group9_worker4"
"10.64.105.47","development1","1332@hightech.com","4","development1_Group9_worker5"
"10.64.105.79","development1","1389@hightech.com","4","development1_Group9_worker6"
"10.64.105.50","development1","1409@hightech.com","4","development1_Group9_worker7"
"10.64.105.156","development1","1421@hightech.com","4","development1_Group9_worker8"
"10.64.105.66","development1","1444@hightech.com","4","development1_Group9_worker9"
"10.64.105.232","development1","1462@hightech.com","4","development1_Group9_worker10"
"10.64.105.61","development1","1470@hightech.com","4","development1_Group9_worker11"
"10.64.105.63","development1","1211@hightech.com","3","development1_Group10_leader"
"10.64.106.26","development1","1164@hightech.com","4","development1_Group10_worker1"
"10.64.105.139","development1","1231@hightech.com","4","development1_Group10_worker2"
"10.64.105.95","development1","1284@hightech.com","4","development1_Group10_worker3"
"10.64.105.252","development1","1287@hightech.com","4","development1_Group10_worker4"
"10.64.105.173","development1","1365@hightech.com","4","development1_Group10_worker5"
"10.64.105.138","development1","1382@hightech.com","4","development1_Group10_worker6"
"10.64.105.167","development1","1411@hightech.com","4","development1_Group10_worker7"
"10.64.105.106","development1","1497@hightech.com","4","development1_Group10_worker8"
"10.64.105.146","development1","1228@hightech.com","3","development1_Group11_leader"
"10.64.105.4","development1","1487@hightech.com","4","development1_Group11_worker1"
"10.64.106.44","development1","1174@hightech.com","4","development1_Group11_worker2"
"10.64.105.57","development1","1177@hightech.com","4","development1_Group11_worker3"
"10.64.105.237","development1","1178@hightech.com","4","development1_Group11_worker4"
"10.64.105.244","development1","1273@hightech.com","4","development1_Group11_worker5"
"10.64.105.96","development1","1290@hightech.com","4","development1_Group11_worker6"
"10.64.105.179","development1","1394@hightech.com","4","development1_Group11_worker7"
"10.64.105.168","development1","1465@hightech.com","4","development1_Group11_worker8"
"10.64.105.7","development2","1068@hightech.com","2","development2_Depart_leader"
"10.64.105.82","development2","1060@hightech.com","3","development2_Group1_leader"
"10.64.105.107","development2","1145@hightech.com","4","development2_Group1_worker1"
"10.64.105.149","development2","1306@hightech.com","4","development2_Group1_worker2"
"10.64.105.140","development2","1328@hightech.com","4","development2_Group1_worker3"
"10.64.105.159","development2","1336@hightech.com","4","development2_Group1_worker4"
"10.64.105.75","development2","1359@hightech.com","4","development2_Group1_worker5"
"10.64.105.234","development2","1396@hightech.com","4","development2_Group1_worker6"
"10.64.105.16","development2","1440@hightech.com","4","development2_Group1_worker7"
"10.64.105.214","development2","1446@hightech.com","4","development2_Group1_worker8"
"10.64.105.58","development2","1457@hightech.com","4","development2_Group1_worker9"
"10.64.105.68","development2","1098@hightech.com","3","development2_Group2_leader"
"10.64.105.77","development2","1127@hightech.com","4","development2_Group2_worker1"
"10.64.106.24","development2","1277@hightech.com","4","development2_Group2_worker2"
"10.64.105.59","development2","1334@hightech.com","4","development2_Group2_worker3"
"10.64.105.78","development2","1343@hightech.com","4","development2_Group2_worker4"
"10.64.105.145","development2","1496@hightech.com","4","development2_Group2_worker5"
"10.64.105.31","development2","1100@hightech.com","3","development2_Group3_leader"
"10.64.105.134","development2","1139@hightech.com","4","development2_Group3_worker1"
"10.64.106.36","development2","1147@hightech.com","4","development2_Group3_worker2"
"10.64.105.113","development2","1159@hightech.com","4","development2_Group3_worker3"
"10.64.105.39","development2","1170@hightech.com","4","development2_Group3_worker4"
"10.64.105.188","development2","1234@hightech.com","4","development2_Group3_worker5"
"10.64.105.76","development2","1305@hightech.com","4","development2_Group3_worker6"
"10.64.106.39","development2","1321@hightech.com","4","development2_Group3_worker7"
"10.64.105.30","development2","1362@hightech.com","4","development2_Group3_worker8"
"10.64.105.236","development2","1379@hightech.com","4","development2_Group3_worker9"
"10.64.106.28","development2","1385@hightech.com","4","development2_Group3_worker10"
"10.64.105.67","development2","1405@hightech.com","4","development2_Group3_worker11"
"10.64.106.46","development2","1458@hightech.com","4","development2_Group3_worker12"
"10.64.105.17","development2","1474@hightech.com","4","development2_Group3_worker13"
"10.64.105.158","development2","1481@hightech.com","4","development2_Group3_worker14"
"10.64.105.13","development2","1493@hightech.com","4","development2_Group3_worker15"
"10.64.105.25","development2","1154@hightech.com","3","development2_Group4_leader"
"10.64.105.187","development2","1152@hightech.com","4","development2_Group4_worker1"
"10.64.105.128","development2","1176@hightech.com","4","development2_Group4_worker2"
"10.64.105.226","development2","1315@hightech.com","4","development2_Group4_worker3"
"10.64.105.135","development2","1420@hightech.com","4","development2_Group4_worker4"
"10.64.105.245","development2","1191@hightech.com","3","development2_Group5_leader"
"10.64.105.119","development2","1156@hightech.com","4","development2_Group5_worker1"
"10.64.105.116","development2","1204@hightech.com","4","development2_Group5_worker2"
"10.64.105.65","development2","1428@hightech.com","4","development2_Group5_worker3"
"10.64.106.35","development2","1435@hightech.com","4","development2_Group5_worker4"
"10.64.105.112","development2","1456@hightech.com","4","development2_Group5_worker5"
"10.64.105.222","development2","1469@hightech.com","4","development2_Group5_worker6"
"10.64.105.177","development2","1483@hightech.com","4","development2_Group5_worker7"
"10.64.105.129","development2","1207@hightech.com","3","development2_Group6_leader"
"10.64.105.190","development2","1103@hightech.com","4","development2_Group6_worker1"
"10.64.105.212","development2","1189@hightech.com","4","development2_Group6_worker2"
"10.64.105.109","development2","1263@hightech.com","4","development2_Group6_worker3"
"10.64.106.25","development2","1296@hightech.com","4","development2_Group6_worker4"
"10.64.105.201","development2","1319@hightech.com","4","development2_Group6_worker5"
"10.64.105.70","development2","1330@hightech.com","4","development2_Group6_worker6"
"10.64.105.124","development2","1399@hightech.com","4","development2_Group6_worker7"
"10.64.105.121","development2","1209@hightech.com","3","development2_Group7_leader"
"10.64.106.31","development2","1126@hightech.com","4","development2_Group7_worker1"
"10.64.105.48","development2","1153@hightech.com","4","development2_Group7_worker2"
"10.64.105.150","development2","1322@hightech.com","4","development2_Group7_worker3"
"10.64.106.18","development2","1339@hightech.com","4","development2_Group7_worker4"
"10.64.105.192","development2","1349@hightech.com","4","development2_Group7_worker5"
"10.64.105.93","development2","1388@hightech.com","4","development2_Group7_worker6"
"10.64.106.48","development2","1460@hightech.com","4","development2_Group7_worker7"
"10.64.105.171","development3","1007@hightech.com","2","development3_Depart_leader"
"10.64.105.151","development3","1087@hightech.com","3","development3_Group1_leader"
"10.64.106.19","development3","1141@hightech.com","4","development3_Group1_worker1"
"10.64.105.73","development3","1151@hightech.com","4","development3_Group1_worker2"
"10.64.105.36","development3","1220@hightech.com","4","development3_Group1_worker3"
"10.64.105.72","development3","1286@hightech.com","4","development3_Group1_worker4"
"10.64.105.87","development3","1373@hightech.com","4","development3_Group1_worker5"
"10.64.105.193","development3","1494@hightech.com","4","development3_Group1_worker6"
"10.64.105.195","development3","1092@hightech.com","3","development3_Group2_leader"
"10.64.105.21","development3","1112@hightech.com","4","development3_Group2_worker1"
"10.64.105.110","development3","1270@hightech.com","4","development3_Group2_worker2"
"10.64.105.126","development3","1301@hightech.com","4","development3_Group2_worker3"
"10.64.105.153","development3","1308@hightech.com","4","development3_Group2_worker4"
"10.64.105.249","development3","1344@hightech.com","4","development3_Group2_worker5"
"10.64.105.238","development3","1115@hightech.com","3","development3_Group3_leader"
"10.64.105.199","development3","1169@hightech.com","4","development3_Group3_worker1"
"10.64.105.165","development3","1183@hightech.com","4","development3_Group3_worker2"
"10.64.105.182","development3","1233@hightech.com","4","development3_Group3_worker3"
"10.64.105.147","development3","1243@hightech.com","4","development3_Group3_worker4"
"10.64.105.103","development3","1357@hightech.com","4","development3_Group3_worker5"
"10.64.105.85","development3","1408@hightech.com","4","development3_Group3_worker6"
"10.64.105.114","development3","1423@hightech.com","4","development3_Group3_worker7"
"10.64.105.184","development3","1425@hightech.com","4","development3_Group3_worker8"
"10.64.105.229","development3","1455@hightech.com","4","development3_Group3_worker9"
"10.64.106.20","development3","1459@hightech.com","4","development3_Group3_worker10"
"10.64.105.6","development3","1464@hightech.com","4","development3_Group3_worker11"
"10.64.105.221","development3","1471@hightech.com","4","development3_Group3_worker12"
"10.64.105.213","development3","1491@hightech.com","4","development3_Group3_worker13"
"10.64.105.233","development3","1125@hightech.com","3","development3_Group4_leader"
"10.64.105.142","development3","1113@hightech.com","4","development3_Group4_worker1"
"10.64.105.9","development3","1307@hightech.com","4","development3_Group4_worker2"
"10.64.105.211","development3","1398@hightech.com","4","development3_Group4_worker3"
"10.64.105.217","development3","1172@hightech.com","3","development3_Group5_leader"
"10.64.105.133","development3","1132@hightech.com","4","development3_Group5_worker1"
"10.64.105.227","development3","1246@hightech.com","4","development3_Group5_worker2"
"10.64.105.54","development3","1257@hightech.com","4","development3_Group5_worker3"
"10.64.105.45","development3","1314@hightech.com","4","development3_Group5_worker4"
"10.64.105.100","development3","1345@hightech.com","4","development3_Group5_worker5"
"10.64.105.160","development3","1397@hightech.com","4","development3_Group5_worker6"
"10.64.105.84","development3","1436@hightech.com","4","development3_Group5_worker7"
"10.64.106.51","development3","1466@hightech.com","4","development3_Group5_worker8"
"10.64.105.240","development3","1475@hightech.com","4","development3_Group5_worker9"
"10.64.105.41","development3","1477@hightech.com","4","development3_Group5_worker10"
"10.64.105.46","development3","1480@hightech.com","4","development3_Group5_worker11"
"10.64.105.176","development3","1490@hightech.com","4","development3_Group5_worker12"
"10.64.105.34","development3","1192@hightech.com","3","development3_Group6_leader"
"10.64.105.242","development3","1140@hightech.com","4","development3_Group6_worker1"
"10.64.106.34","development3","1210@hightech.com","4","development3_Group6_worker2"
"10.64.105.52","development3","1282@hightech.com","4","development3_Group6_worker3"
"10.64.105.157","development3","1303@hightech.com","4","development3_Group6_worker4"
"10.64.105.28","development3","1340@hightech.com","4","development3_Group6_worker5"
"10.64.105.169","development3","1403@hightech.com","4","development3_Group6_worker6"
"10.64.106.45","development3","1484@hightech.com","4","development3_Group6_worker7"
"10.64.105.216","development3","1199@hightech.com","3","development3_Group7_leader"
"10.64.105.104","development3","1197@hightech.com","4","development3_Group7_worker1"
"10.64.105.131","development3","1278@hightech.com","4","development3_Group7_worker2"
"10.64.105.163","development3","1348@hightech.com","4","development3_Group7_worker3"
"10.64.105.42","development3","1391@hightech.com","4","development3_Group7_worker4"
"10.64.105.74","development3","1486@hightech.com","4","development3_Group7_worker5"
"10.64.105.137","development3","1224@hightech.com","3","development3_Group8_leader"
"10.64.105.44","development3","1281@hightech.com","4","development3_Group8_worker1"
"10.64.105.120","development3","1102@hightech.com","4","development3_Group8_worker2"
"10.64.105.62","development3","1106@hightech.com","4","development3_Group8_worker3"
"10.64.105.209","development3","1134@hightech.com","4","development3_Group8_worker4"
"10.64.105.99","development3","1195@hightech.com","4","development3_Group8_worker5"
"10.64.105.27","development3","1205@hightech.com","4","development3_Group8_worker6"
"10.64.105.127","development3","1221@hightech.com","4","development3_Group8_worker7"
"10.64.106.17","development3","1275@hightech.com","4","development3_Group8_worker8"
"10.64.105.200","development3","1299@hightech.com","4","development3_Group8_worker9"
"10.64.105.101","development3","1323@hightech.com","4","development3_Group8_worker10"
"10.64.105.208","development3","1326@hightech.com","4","development3_Group8_worker11"
"10.64.105.161","development3","1351@hightech.com","4","development3_Group8_worker12"
"10.64.106.47","development3","1393@hightech.com","4","development3_Group8_worker13"
"10.64.105.148","development3","1406@hightech.com","4","development3_Group8_worker14"
"10.64.105.251","development3","1416@hightech.com","4","development3_Group8_worker15"
"10.64.105.203","development3","1417@hightech.com","4","development3_Group8_worker16"
"10.64.105.189","development3","1429@hightech.com","4","development3_Group8_worker17"
"10.64.105.210","development3","1495@hightech.com","4","development3_Group8_worker18"
"10.64.105.197","development3","1230@hightech.com","3","development3_Group9_leader"
"10.64.105.155","development3","1129@hightech.com","4","development3_Group9_worker1"
"10.64.105.164","development3","1167@hightech.com","4","development3_Group9_worker2"
"10.64.105.80","development3","1182@hightech.com","4","development3_Group9_worker3"
"10.64.105.230","development3","1200@hightech.com","4","development3_Group9_worker4"
"10.64.105.18","development3","1223@hightech.com","4","development3_Group9_worker5"
"10.64.105.250","development3","1252@hightech.com","4","development3_Group9_worker6"
"10.64.105.170","development3","1265@hightech.com","4","development3_Group9_worker7"
"10.64.105.92","development3","1354@hightech.com","4","development3_Group9_worker8"
"10.64.105.123","development3","1404@hightech.com","4","development3_Group9_worker9"
"10.64.105.89","finance","1041@hightech.com","2","finance_Depart_leader"
"10.64.105.235","finance","1498@hightech.com","3","finance_worker1"
"10.64.105.198","finance","1467@hightech.com","3","finance_worker2"
"10.64.105.29","finance","1451@hightech.com","3","finance_worker3"
"10.64.105.22","finance","1439@hightech.com","3","finance_worker4"
"10.64.105.83","finance","1431@hightech.com","3","finance_worker5"
"10.64.105.225","finance","1370@hightech.com","3","finance_worker6"
"10.64.105.243","finance","1369@hightech.com","3","finance_worker7"
"10.64.105.88","finance","1368@hightech.com","3","finance_worker8"
"10.64.106.16","finance","1347@hightech.com","3","finance_worker9"
"10.64.105.215","finance","1346@hightech.com","3","finance_worker10"
"10.64.105.12","finance","1342@hightech.com","3","finance_worker11"
"10.64.105.81","finance","1327@hightech.com","3","finance_worker12"
"10.64.105.248","finance","1293@hightech.com","3","finance_worker13"
"10.64.105.205","finance","1255@hightech.com","3","finance_worker14"
"10.64.105.15","finance","1253@hightech.com","3","finance_worker15"
"10.64.106.23","finance","1248@hightech.com","3","finance_worker16"
"10.64.105.90","finance","1226@hightech.com","3","finance_worker17"
"10.64.105.231","finance","1213@hightech.com","3","finance_worker18"
"10.64.105.122","finance","1186@hightech.com","3","finance_worker19"
"10.64.105.71","finance","1180@hightech.com","3","finance_worker20"
"10.64.106.30","finance","1137@hightech.com","3","finance_worker21"
"10.64.105.43","finance","1124@hightech.com","3","finance_worker22"
"10.64.105.8","finance","1108@hightech.com","3","finance_worker23"
"10.64.106.4","HR","1013@hightech.com","2","HR_Depart_leader"
"10.64.106.10","HR","1499@hightech.com","3","HR_worker1"
"10.64.106.6","HR","1473@hightech.com","3","HR_worker2"
"10.64.106.29","HR","1433@hightech.com","3","HR_worker3"
"10.64.106.7","HR","1378@hightech.com","3","HR_worker4"
"10.64.106.32","HR","1371@hightech.com","3","HR_worker5"
"10.64.106.43","HR","1363@hightech.com","3","HR_worker6"
"10.64.106.8","HR","1312@hightech.com","3","HR_worker7"
"10.64.106.13","HR","1300@hightech.com","3","HR_worker8"
"10.64.106.38","HR","1295@hightech.com","3","HR_worker9"
"10.64.106.42","HR","1251@hightech.com","3","HR_worker10"
"10.64.106.15","HR","1249@hightech.com","3","HR_worker11"
"10.64.106.9","HR","1184@hightech.com","3","HR_worker12"
"10.64.106.5","HR","1165@hightech.com","3","HR_worker13"
"10.64.106.11","HR","1149@hightech.com","3","HR_worker14"
"10.64.106.14","HR","1118@hightech.com","3","HR_worker15"
"10.64.106.3","HR","1110@hightech.com","3","HR_worker16"
"10.64.106.12","HR","1104@hightech.com","3","HR_worker17"
